timestamp,graph,run_id,wall_time_s,user_time_s,sys_time_s,vol_ctx,invol_ctx,minflt,majflt
1791220026,graph-seq.bin,1,1.57,0.46,0.12,1,448,16080,0
1791220028,graph-rand.bin,1,10.26,4.86,0.04,1,1520,16081,0
1791220038,graph-seq.bin,2,1.46,0.44,0.09,1,416,16079,0
1791220039,graph-rand.bin,2,10.81,5.14,0.04,1,1574,16084,0
1791220050,graph-seq.bin,3,1.49,0.46,0.09,1,426,16083,0
1791220052,graph-rand.bin,3,10.65,5.04,0.06,1,1551,16080,0
1791220062,graph-seq.bin,4,1.46,0.44,0.10,1,418,16083,0
1791220064,graph-rand.bin,4,10.76,5.11,0.05,1,1579,16079,0
1791220075,graph-seq.bin,5,1.45,0.42,0.11,1,420,16080,0
1791220076,graph-rand.bin,5,9.64,4.55,0.05,1,1424,16081,0
1791220086,graph-seq.bin,6,1.47,0.44,0.11,1,415,16081,0
1791220087,graph-rand.bin,6,10.21,4.80,0.08,1,1510,16083,0
1791220097,graph-seq.bin,7,1.49,0.45,0.10,1,418,16082,0
1791220099,graph-rand.bin,7,10.11,4.78,0.05,1,1483,16083,0
1791220109,graph-seq.bin,8,1.47,0.46,0.09,1,422,16081,0
1791220111,graph-rand.bin,8,10.20,4.82,0.05,1,1507,16083,0
1791220121,graph-seq.bin,9,1.50,0.45,0.10,1,422,16086,0
1791220122,graph-rand.bin,9,10.32,4.84,0.08,1,1537,16081,0
1791220133,graph-seq.bin,10,1.52,0.50,0.06,1,418,16078,0
1791220134,graph-rand.bin,10,10.24,4.83,0.06,1,1496,16082,0
1791220144,graph-seq.bin,11,1.46,0.46,0.09,1,422,16081,0
1791220146,graph-rand.bin,11,10.20,4.82,0.06,1,1487,16082,0
1791220156,graph-seq.bin,12,1.51,0.47,0.08,1,417,16083,0
1791220158,graph-rand.bin,12,10.53,4.98,0.05,1,1527,16083,0
1791220168,graph-seq.bin,13,1.57,0.49,0.09,1,427,16079,0
1791220170,graph-rand.bin,13,10.71,5.07,0.05,1,1570,16081,0
1791220180,graph-seq.bin,14,1.45,0.46,0.07,1,413,16082,0
1791220182,graph-rand.bin,14,9.87,4.65,0.06,1,1451,16085,0
1791220192,graph-seq.bin,15,1.50,0.47,0.09,1,423,16084,0
1791220193,graph-rand.bin,15,9.81,4.65,0.04,1,1433,16085,0
1791220203,graph-seq.bin,16,1.41,0.44,0.08,1,423,16085,0
1791220204,graph-rand.bin,16,10.27,4.85,0.07,1,1490,16080,0
1791220215,graph-seq.bin,17,1.51,0.49,0.07,1,419,16082,0
1791220216,graph-rand.bin,17,9.96,4.69,0.06,1,1458,16084,0
1791220226,graph-seq.bin,18,1.46,0.43,0.09,1,411,16081,0
1791220228,graph-rand.bin,18,9.99,4.71,0.06,1,1460,16083,0
1791220238,graph-seq.bin,19,1.45,0.46,0.08,1,413,16080,0
1791220239,graph-rand.bin,19,9.86,4.66,0.05,1,1435,16080,0
1791220249,graph-seq.bin,20,1.47,0.45,0.09,1,417,16083,0
1791220251,graph-rand.bin,20,10.72,5.07,0.05,1,1556,16082,0
